Search Term,Modifier Type,Modifier,Keyword,Language,Country,Search Vol.,CPC (US$),Intent_Category
iphone 17e,Alphabeticals,a,iphone 17e amazon,en,us,10,-,Informational
iphone 17e,Alphabeticals,a,iphone 17e air,en,us,10,1.5,Informational
iphone 17e,Alphabeticals,a,iphone 17e apple,en,us,10,2.32,Informational
iphone 17e,Alphabeticals,a,iphone 17e vs 17 air,en,us,0,-,Comparative
iphone 17e,Alphabeticals,a,iphone 17e a19 soc rumors,en,us,0,-,Informational
iphone 17e,Alphabeticals,a,iphone 17e announcement date,en,us,0,-,Informational
iphone 17e,Alphabeticals,a,iphone 17e always on display,en,us,0,-,Informational
iphone 17e,Alphabeticals,a,iphone 17e announcement,en,us,0,-,Informational
iphone 17e,Alphabeticals,a,iphone 17e australia,en,us,0,-,Informational
iphone 17e,Alphabeticals,a,iphone 17e australia price,en,us,0,-,Transactional
iphone 17e,Alphabeticals,a,iphone 17e air price,en,us,0,-,Transactional
iphone 17e,Alphabeticals,a,iphone 17e antutu score,en,us,0,-,Informational
iphone 17e,Alphabeticals,a,iphone 17e antutu,en,us,0,-,Informational
iphone 17e,Alphabeticals,a,iphone 17e vs air,en,us,0,-,Comparative
iphone 17e,Alphabeticals,b,iphone 17e battery,en,us,10,-,Informational
iphone 17e,Alphabeticals,b,iphone 17e battery life,en,us,10,-,Informational
iphone 17e,Alphabeticals,b,iphone 17e battery mah,en,us,10,-,Informational
iphone 17e,Alphabeticals,b,iphone 17e black,en,us,0,-,Informational
iphone 17e,Alphabeticals,b,iphone 17e base storage,en,us,0,-,Informational
iphone 17e,Alphabeticals,b,iphone 17e battery capacity,en,us,0,-,Informational
iphone 17e,Alphabeticals,b,iphone 17e battery size,en,us,0,-,Informational
iphone 17e,Alphabeticals,b,iphone 17e buy,en,us,0,-,Transactional
iphone 17e,Alphabeticals,b,iphone 17e brightness,en,us,0,-,Informational
iphone 17e,Alphabeticals,b,iphone 17e blue,en,us,0,-,Informational
iphone 17e,Alphabeticals,b,iphone 17e box,en,us,0,-,Informational
iphone 17e,Alphabeticals,b,iphone 17e body,en,us,0,-,Informational
iphone 17e,Alphabeticals,b,iphone 17e bezels,en,us,0,-,Informational
iphone 17e,Alphabeticals,b,iphone 17e boost mobile,en,us,0,-,Transactional
iphone 17e,Alphabeticals,b,iphone 17e best price,en,us,0,-,Transactional
iphone 17e,Alphabeticals,c,iphone 17e colors,en,us,70,1.49,Informational
iphone 17e,Alphabeticals,c,iphone 17e camera,en,us,10,-,Informational
iphone 17e,Alphabeticals,c,iphone 17e case,en,us,10,-,Informational
iphone 17e,Alphabeticals,c,iphone 17e concept,en,us,0,-,Informational
iphone 17e,Alphabeticals,c,iphone 17e camera upgrade,en,us,0,-,Comparative
iphone 17e,Alphabeticals,c,iphone 17e cena,en,us,0,-,Informational
iphone 17e,Alphabeticals,c,iphone 17e cost,en,us,0,-,Transactional
iphone 17e,Alphabeticals,c,iphone 17e coming,en,us,0,-,Informational
iphone 17e,Alphabeticals,c,iphone 17e coming out,en,us,0,-,Informational
iphone 17e,Alphabeticals,c,iphone 17e chip,en,us,0,-,Informational
iphone 17e,Alphabeticals,c,iphone 17e color leaks,en,us,0,-,Informational
iphone 17e,Alphabeticals,c,iphone 17e camera design,en,us,0,-,Informational
iphone 17e,Alphabeticals,c,iphone 17e camera control,en,us,0,-,Informational
iphone 17e,Alphabeticals,c,iphone 17e camera rumors,en,us,0,-,Informational
iphone 17e,Alphabeticals,c,iphone 17e changes,en,us,0,-,Informational
iphone 17e,Alphabeticals,d,iphone 17e dynamic island,en,us,30,-,Informational
iphone 17e,Alphabeticals,d,iphone 17e design,en,us,10,-,Informational
iphone 17e,Alphabeticals,d,iphone 17e date,en,us,10,-,Informational
iphone 17e,Alphabeticals,d,iphone 17e display size,en,us,0,-,Informational
iphone 17e,Alphabeticals,d,iphone 17e details,en,us,0,-,Informational
iphone 17e,Alphabeticals,d,iphone 17e display,en,us,0,-,Informational
iphone 17e,Alphabeticals,d,iphone 17e date de sortie,en,us,0,-,Informational
iphone 17e,Alphabeticals,d,iphone 17e dimensions,en,us,0,-,Informational
iphone 17e,Alphabeticals,d,iphone 17e differences,en,us,0,-,Informational
iphone 17e,Alphabeticals,d,iphone 17e design leaks,en,us,0,-,Informational
iphone 17e,Alphabeticals,d,iphone 17e display manufacturers,en,us,0,-,Informational
iphone 17e,Alphabeticals,d,iphone 17e display rumors,en,us,0,-,Informational
iphone 17e,Alphabeticals,d,iphone 17e display hz,en,us,0,-,Informational
iphone 17e,Alphabeticals,d,iphone 17e deals,en,us,0,-,Informational
iphone 17e,Alphabeticals,d,iphone 17e design changes,en,us,0,-,Informational
iphone 17e,Alphabeticals,e,iphone 17e expected price,en,us,10,-,Transactional
iphone 17e,Alphabeticals,e,iphone 17e expected release date,en,us,10,-,Informational
iphone 17e,Alphabeticals,e,iphone 17e esim,en,us,10,-,Transactional
iphone 17e,Alphabeticals,e,iphone 17e expectations,en,us,0,-,Informational
iphone 17e,Alphabeticals,e,iphone 17e estimated price,en,us,0,-,Transactional
iphone 17e,Alphabeticals,e,iphone 17e expected price in india,en,us,0,-,Transactional
iphone 17e,Alphabeticals,e,iphone 17e expected features,en,us,0,-,Informational
iphone 17e,Alphabeticals,e,iphone 17e expected specs,en,us,0,-,Informational
iphone 17e,Alphabeticals,e,iphone 17e english,en,us,0,-,Informational
iphone 17e,Alphabeticals,e,iphone 17e especificaciones,en,us,0,-,Informational
iphone 17e,Alphabeticals,e,iphone 17e erscheinungsdatum,en,us,0,-,Informational
iphone 17e,Alphabeticals,e,iphone 17e epey,en,us,0,-,Informational
iphone 17e,Alphabeticals,e,iphone 17e existe,en,us,0,-,Informational
iphone 17e,Alphabeticals,e,iphone 17e en 16e,en,us,0,-,Informational
iphone 17e,Alphabeticals,f,iphone 17e fiyat,en,us,10,-,Informational
iphone 17e,Alphabeticals,f,iphone 17e features,en,us,0,-,Informational
iphone 17e,Alphabeticals,f,iphone 17e front camera,en,us,0,-,Informational
iphone 17e,Alphabeticals,f,iphone 17e first look,en,us,0,-,Informational
iphone 17e,Alphabeticals,f,iphone 17e for sale,en,us,0,-,Transactional
iphone 17e,Alphabeticals,f,iphone 17e full specifications,en,us,0,-,Informational
iphone 17e,Alphabeticals,f,iphone 17e flipkart,en,us,0,-,Informational
iphone 17e,Alphabeticals,f,iphone 17e february,en,us,0,-,Informational
iphone 17e,Alphabeticals,f,iphone 17e february launch,en,us,0,-,Informational
iphone 17e,Alphabeticals,f,iphone 17e fecha de lanzamiento,en,us,0,-,Informational
iphone 17e,Alphabeticals,f,iphone 17e fcc,en,us,0,-,Informational
iphone 17e,Alphabeticals,f,iphone 17e face id,en,us,0,-,Informational
iphone 17e,Alphabeticals,f,iphone 17e february 2026,en,us,0,-,Informational
iphone 17e,Alphabeticals,f,iphone 17e fingerprint,en,us,0,-,Informational
iphone 17e,Alphabeticals,f,iphone 17e free,en,us,0,-,Informational
iphone 17e,Alphabeticals,g,iphone 17e gsmarena,en,us,10,-,Informational
iphone 17e,Alphabeticals,g,iphone 17e giá bao nhiêu,en,us,10,-,Informational
iphone 17e,Alphabeticals,g,iphone 17e giá,en,us,10,-,Informational
iphone 17e,Alphabeticals,g,iphone 17e gsm,en,us,0,-,Informational
iphone 17e,Alphabeticals,g,iphone 17e gb,en,us,0,-,Informational
iphone 17e,Alphabeticals,g,iphone 17e gold,en,us,0,-,Informational
iphone 17e,Alphabeticals,g,iphone 17e green,en,us,0,-,Informational
iphone 17e,Alphabeticals,g,iphone 17e größe,en,us,0,-,Informational
iphone 17e,Alphabeticals,g,gerüchte iphone 17e,en,us,0,-,Informational
iphone 17e,Alphabeticals,g,iphone 17e gelecek mi,en,us,0,-,Informational
iphone 17e,Alphabeticals,g,iphone 17e mark gurman,en,us,0,-,Informational
iphone 17e,Alphabeticals,g,iphone 17e specs gsmarena,en,us,0,-,Informational
iphone 17e,Alphabeticals,g,will iphone 17e get 120hz,en,us,0,-,Informational
iphone 17e,Alphabeticals,g,will iphone 17e get magsafe,en,us,0,-,Informational
iphone 17e,Alphabeticals,g,is iphone 17e good,en,us,0,-,Informational
iphone 17e,Alphabeticals,h,will iphone 17e have dynamic island,en,us,20,-,Informational
iphone 17e,Alphabeticals,h,iphone 17e harga,en,us,10,-,Informational
iphone 17e,Alphabeticals,h,will iphone 17e have magsafe,en,us,10,-,Informational
iphone 17e,Alphabeticals,h,will iphone 17e have 120hz,en,us,0,-,Informational
iphone 17e,Alphabeticals,h,iphone 17e how much,en,us,0,-,Transactional
iphone 17e,Alphabeticals,h,iphone 17e hz,en,us,0,-,Informational
iphone 17e,Alphabeticals,h,iphone 17e have magsafe,en,us,0,-,Informational
iphone 17e,Alphabeticals,h,iphone 17e hindi,en,us,0,-,Informational
iphone 17e,Alphabeticals,h,iphone 17e have dynamic island,en,us,0,-,Informational
iphone 17e,Alphabeticals,h,iphone 17e height,en,us,0,-,Informational
iphone 17e,Alphabeticals,h,will iphone 17e have camera control,en,us,0,-,Informational
iphone 17e,Alphabeticals,h,will iphone 17e have 2 cameras,en,us,0,-,Informational
iphone 17e,Alphabeticals,h,iphone 17e jb hi fi,en,us,0,-,Informational
iphone 17e,Alphabeticals,i,apple iphone 17e india price specifications,en,us,10,-,Transactional
iphone 17e,Alphabeticals,i,iphone 17e price in pakistan,en,us,10,-,Transactional
iphone 17e,Alphabeticals,i,iphone 17e price in bangladesh,en,us,10,-,Transactional
iphone 17e,Alphabeticals,i,iphone 17e price in nepal,en,us,0,-,Transactional
iphone 17e,Alphabeticals,i,iphone 17e price in usa,en,us,0,-,Transactional
iphone 17e,Alphabeticals,i,iphone 17e price in nigeria,en,us,0,-,Transactional
iphone 17e,Alphabeticals,i,iphone 17e is coming,en,us,0,-,Informational
iphone 17e,Alphabeticals,i,iphone 17e information,en,us,0,-,Informational
iphone 17e,Alphabeticals,i,iphone 17e image,en,us,0,-,Informational
iphone 17e,Alphabeticals,i,iphone 17e india,en,us,0,-,Informational
iphone 17e,Alphabeticals,i,iphone 17e india price,en,us,0,-,Transactional
iphone 17e,Alphabeticals,i,iphone 17e inch,en,us,0,-,Informational
iphone 17e,Alphabeticals,i,iphone 17e in 2026,en,us,0,-,Informational
iphone 17e,Alphabeticals,i,iphone 17e price in uae,en,us,0,-,Transactional
iphone 17e,Alphabeticals,j,iphone 17e jv price in pakistan,en,us,0,-,Transactional
iphone 17e,Alphabeticals,j,iphone 17e january,en,us,0,-,Informational
iphone 17e,Alphabeticals,j,iphone 17e jiji,en,us,0,-,Informational
iphone 17e,Alphabeticals,j,iphone 17e price in japan,en,us,0,-,Transactional
iphone 17e,Alphabeticals,j,iphone 17e なん j,en,us,0,-,Informational
iphone 17e,Alphabeticals,k,iphone 17e khi nào ra mắt,en,us,10,-,Informational
iphone 17e,Alphabeticals,k,iphone 17e kab launch hoga,en,us,0,-,Informational
iphone 17e,Alphabeticals,k,iphone 17e kiedy,en,us,0,-,Informational
iphone 17e,Alphabeticals,k,iphone 17e kiedy premiera,en,us,0,-,Informational
iphone 17e,Alphabeticals,k,iphone 17e ka price,en,us,0,-,Transactional
iphone 17e,Alphabeticals,k,iphone 17e kaufen,en,us,0,-,Informational
iphone 17e,Alphabeticals,k,iphone 17e kamera,en,us,0,-,Informational
iphone 17e,Alphabeticals,k,iphone 17e kosten,en,us,0,-,Informational
iphone 17e,Alphabeticals,k,iphone 17e kdy vyjde,en,us,0,-,Informational
iphone 17e,Alphabeticals,k,iphone 17e kolory,en,us,0,-,Informational
iphone 17e,Alphabeticals,k,iphone 17e kılıf,en,us,0,-,Informational
iphone 17e,Alphabeticals,k,iphone 17e kleuren,en,us,0,-,Informational
iphone 17e,Alphabeticals,k,iphone 17e kaç hz,en,us,0,-,Informational
iphone 17e,Alphabeticals,k,iphone 17e price in kuwait,en,us,0,-,Transactional
iphone 17e,Alphabeticals,l,iphone 17e leaks,en,us,90,-,Informational
iphone 17e,Alphabeticals,l,iphone 17e lanzamiento,en,us,30,1.6,Informational
iphone 17e,Alphabeticals,l,iphone 17e launch date,en,us,10,-,Informational
iphone 17e,Alphabeticals,l,iphone 17e launch,en,us,0,-,Informational
iphone 17e,Alphabeticals,l,iphone 17e look,en,us,0,-,Informational
iphone 17e,Alphabeticals,l,iphone 17e look like,en,us,0,-,Informational
iphone 17e,Alphabeticals,l,iphone 17e launch date in india,en,us,0,-,Informational
iphone 17e,Alphabeticals,l,iphone 17e leaked specifications,en,us,0,-,Informational
iphone 17e,Alphabeticals,l,iphone 17e launch price,en,us,0,-,Transactional
iphone 17e,Alphabeticals,l,iphone 17e latest news,en,us,0,-,Informational
iphone 17e,Alphabeticals,l,iphone 17e leaks reddit,en,us,0,-,Informational
iphone 17e,Alphabeticals,l,iphone 17e latest rumors,en,us,0,-,Informational
iphone 17e,Alphabeticals,l,iphone 17e launch event,en,us,0,-,Informational
iphone 17e,Alphabeticals,m,iphone 17e magsafe,en,us,30,-,Informational
iphone 17e,Alphabeticals,m,iphone 17e macrumors,en,us,10,-,Informational
iphone 17e,Alphabeticals,m,iphone 17e mini,en,us,10,4.63,Informational
iphone 17e,Alphabeticals,m,iphone 17e mass production,en,us,0,-,Informational
iphone 17e,Alphabeticals,m,iphone 17e modem,en,us,0,-,Informational
iphone 17e,Alphabeticals,m,iphone 17e mini release date,en,us,0,-,Informational
iphone 17e,Alphabeticals,m,iphone 17e memory,en,us,0,-,Informational
iphone 17e,Alphabeticals,m,iphone 17e model,en,us,0,-,Informational
iphone 17e,Alphabeticals,m,iphone 17e mah,en,us,0,-,Informational
iphone 17e,Alphabeticals,m,iphone 17e meaning,en,us,0,-,Informational
iphone 17e,Alphabeticals,m,iphone 17e magsafe rumors,en,us,0,-,Informational
iphone 17e,Alphabeticals,m,iphone 17e max,en,us,0,-,Informational
iphone 17e,Alphabeticals,m,iphone 17e mah battery,en,us,0,-,Informational
iphone 17e,Alphabeticals,m,iphone 17e mockup,en,us,0,-,Informational
iphone 17e,Alphabeticals,n,iphone 17e news,en,us,10,-,Informational
iphone 17e,Alphabeticals,n,iphone 17e notch-free display,en,us,10,-,Informational
iphone 17e,Alphabeticals,n,iphone 17e ne zaman çıkacak,en,us,10,-,Informational
iphone 17e,Alphabeticals,n,iphone 17e notch,en,us,0,-,Informational
iphone 17e,Alphabeticals,n,iphone 17e non pta price in pakistan,en,us,0,-,Transactional
iphone 17e,Alphabeticals,n,iphone 17e new design,en,us,0,-,Informational
iphone 17e,Alphabeticals,n,iphone 17e n1 chip,en,us,0,-,Informational
iphone 17e,Alphabeticals,n,iphone 17e nz,en,us,0,-,Informational
iphone 17e,Alphabeticals,n,iphone 17e notch or dynamic island,en,us,0,-,Comparative
iphone 17e,Alphabeticals,n,iphone 17e nits,en,us,0,-,Informational
iphone 17e,Alphabeticals,n,iphone 17e n1,en,us,0,-,Informational
iphone 17e,Alphabeticals,n,iphone 17e new colors,en,us,0,-,Informational
iphone 17e,Alphabeticals,n,iphone 17e nearby,en,us,0,-,Informational
iphone 17e,Alphabeticals,n,iphone 17e no dynamic island,en,us,0,-,Informational
iphone 17e,Alphabeticals,n,iphone 17e new model,en,us,0,-,Informational
iphone 17e,Alphabeticals,p,iphone 17e price,en,us,320,2.71,Transactional
iphone 17e,Alphabeticals,p,iphone 17e pro max,en,us,10,-,Informational
iphone 17e,Alphabeticals,p,iphone 17e picture,en,us,0,-,Informational
iphone 17e,Alphabeticals,p,iphone 17e plus,en,us,0,-,Informational
iphone 17e,Alphabeticals,p,iphone 17e price in india,en,us,0,-,Transactional
iphone 17e,Alphabeticals,p,iphone 17e price philippines,en,us,0,-,Transactional
iphone 17e,Alphabeticals,p,iphone 17e phone case,en,us,0,-,Informational
iphone 17e,Alphabeticals,p,iphone 17e promotion,en,us,0,-,Informational
iphone 17e,Alphabeticals,p,iphone 17e pwm,en,us,0,-,Informational
iphone 17e,Alphabeticals,p,iphone 17e pre order,en,us,0,-,Transactional
iphone 17e,Alphabeticals,p,iphone 17e processor,en,us,0,-,Informational
iphone 17e,Alphabeticals,p,iphone 17e production,en,us,0,-,Informational
iphone 17e,Alphabeticals,q,iphone 17e price in qatar,en,us,10,-,Transactional
iphone 17e,Alphabeticals,q,iphone 17e qatar,en,us,0,-,Informational
iphone 17e,Alphabeticals,q,iphone 17e qi2,en,us,0,-,Informational
iphone 17e,Alphabeticals,q,iphone 17e quando esce,en,us,0,-,Informational
iphone 17e,Alphabeticals,q,iphone 17e qiymeti,en,us,0,-,Informational
iphone 17e,Alphabeticals,q,iphone 17e quanto costerà,en,us,0,-,Informational
iphone 17e,Alphabeticals,q,iphone 17e camera quality,en,us,0,-,Informational
iphone 17e,Alphabeticals,q,iphone 17e price in qatar lulu,en,us,0,-,Transactional
iphone 17e,Alphabeticals,r,iphone 17e release date,en,us,590,7.05,Informational
iphone 17e,Alphabeticals,r,iphone 17e rumors,en,us,210,0.02,Informational
iphone 17e,Alphabeticals,r,iphone 17e reddit,en,us,40,-,Informational
iphone 17e,Alphabeticals,r,iphone 17e release,en,us,0,-,Informational
iphone 17e,Alphabeticals,r,iphone 17e release date and price,en,us,0,-,Transactional
iphone 17e,Alphabeticals,r,iphone 17e review,en,us,0,-,Informational
iphone 17e,Alphabeticals,r,iphone 17e ram,en,us,0,-,Informational
iphone 17e,Alphabeticals,r,iphone 17e refresh rate,en,us,0,-,Informational
iphone 17e,Alphabeticals,r,iphone 17e r=h www.reddit.com,en,us,0,-,Informational
iphone 17e,Alphabeticals,r,iphone 17e release date 2026,en,us,0,-,Informational
iphone 17e,Alphabeticals,r,iphone 17e release date reddit,en,us,0,-,Informational
iphone 17e,Alphabeticals,r,iphone 17e release date colors,en,us,0,-,Informational
iphone 17e,Alphabeticals,r,iphone 17e release date in usa,en,us,0,-,Informational
iphone 17e,Alphabeticals,r,iphone 17e rumored specs,en,us,0,-,Informational
iphone 17e,Alphabeticals,r,iphone 17e red,en,us,0,-,Informational
iphone 17e,Alphabeticals,s,iphone 17e specifications,en,us,70,3.02,Informational
iphone 17e,Alphabeticals,s,iphone 17e specs,en,us,70,4.04,Informational
iphone 17e,Alphabeticals,s,iphone 17e size,en,us,50,5.01,Informational
iphone 17e,Alphabeticals,s,iphone 17e sim,en,us,0,-,Transactional
iphone 17e,Alphabeticals,s,iphone 17e screen size,en,us,0,-,Informational
iphone 17e,Alphabeticals,s,iphone 17e specs leak,en,us,0,-,Informational
iphone 17e,Alphabeticals,s,iphone 17e series,en,us,0,-,Informational
iphone 17e,Alphabeticals,s,iphone 17e storage,en,us,0,-,Informational
iphone 17e,Alphabeticals,s,iphone 17e spring 2026 launch,en,us,0,-,Informational
iphone 17e,Alphabeticals,s,iphone 17e screen,en,us,0,-,Informational
iphone 17e,Alphabeticals,s,iphone 17e storage options,en,us,0,-,Informational
iphone 17e,Alphabeticals,s,iphone 17e size comparison,en,us,0,-,Comparative
iphone 17e,Alphabeticals,s,iphone 17e sale,en,us,0,-,Transactional
iphone 17e,Alphabeticals,s,iphone 17e screen protector,en,us,0,-,Informational
iphone 17e,Alphabeticals,s,iphone 17e specifications leaked,en,us,0,-,Informational
iphone 17e,Alphabeticals,t,iphone 17e thickness,en,us,10,-,Informational
iphone 17e,Alphabeticals,t,iphone 17e touch id,en,us,0,-,Informational
iphone 17e,Alphabeticals,t,t mobile iphone 17e,en,us,0,-,Transactional
iphone 17e,Alphabeticals,t,iphone 17e trailer,en,us,0,-,Informational
iphone 17e,Alphabeticals,t,iphone 17e twitter,en,us,0,-,Informational
iphone 17e,Alphabeticals,t,iphone 17e two cameras,en,us,0,-,Informational
iphone 17e,Alphabeticals,t,iphone 17e trade in,en,us,0,-,Transactional
iphone 17e,Alphabeticals,t,iphone 17e telstra,en,us,0,-,Informational
iphone 17e,Alphabeticals,t,iphone 17e test,en,us,0,-,Informational
iphone 17e,Alphabeticals,t,iphone 17e thông số,en,us,0,-,Informational
iphone 17e,Alphabeticals,t,iphone 17e taille,en,us,0,-,Informational
iphone 17e,Alphabeticals,t,iphone 17e tamaño,en,us,0,-,Informational
iphone 17e,Alphabeticals,t,iphone 17e tim,en,us,0,-,Informational
iphone 17e,Alphabeticals,t,iphone 17e tahmini fiyat,en,us,0,-,Informational
iphone 17e,Alphabeticals,t,iphone 17e tinhte,en,us,0,-,Informational
iphone 17e,Alphabeticals,u,iphone 17e unboxing,en,us,10,-,Informational
iphone 17e,Alphabeticals,u,iphone 17e unlocked,en,us,0,-,Transactional
iphone 17e,Alphabeticals,u,iphone 17e update,en,us,0,-,Informational
iphone 17e,Alphabeticals,u,iphone 17e uwb,en,us,0,-,Informational
iphone 17e,Alphabeticals,u,iphone 17e uk,en,us,0,-,Informational
iphone 17e,Alphabeticals,u,iphone 17e uk price,en,us,0,-,Transactional
iphone 17e,Alphabeticals,u,iphone 17e uscita,en,us,0,-,Informational
iphone 17e,Alphabeticals,u,iphone 17e ultra wideband,en,us,0,-,Informational
iphone 17e,Alphabeticals,u,iphone 17e upgrades leak,en,us,0,-,Informational
iphone 17e,Alphabeticals,u,iphone 17e in usa,en,us,0,-,Informational
iphone 17e,Alphabeticals,u,iphone 17e upgrades,en,us,0,-,Informational
iphone 17e,Alphabeticals,u,iphone 17e used,en,us,0,-,Informational
iphone 17e,Alphabeticals,u,iphone 17e uwb chip,en,us,0,-,Informational
iphone 17e,Alphabeticals,u,iphone 17e usb c,en,us,0,-,Informational
iphone 17e,Alphabeticals,u,iphone 17e ultrawide,en,us,0,-,Informational
iphone 17e,Alphabeticals,v,iphone 17e vs iphone 16,en,us,10,-,Comparative
iphone 17e,Alphabeticals,v,iphone 17e vs iphone 17,en,us,10,0.95,Comparative
iphone 17e,Alphabeticals,v,iphone 17e vs 16e,en,us,0,-,Comparative
iphone 17e,Alphabeticals,v,iphone 17e vs 17 pro,en,us,0,-,Comparative
iphone 17e,Alphabeticals,v,iphone 17e vs iphone 15,en,us,0,-,Comparative
iphone 17e,Alphabeticals,v,iphone 17e vs pixel 10a,en,us,0,-,Comparative
iphone 17e,Alphabeticals,v,iphone 17e vs 17 pro max,en,us,0,-,Comparative
iphone 17e,Alphabeticals,v,iphone 17e vs 13 mini,en,us,0,-,Comparative
iphone 17e,Alphabeticals,v,iphone 17e vs 14,en,us,0,-,Comparative
iphone 17e,Alphabeticals,v,iphone 17e vs 16e reddit,en,us,0,-,Comparative
iphone 17e,Alphabeticals,v,iphone 17e vs iphone 15 pro,en,us,0,-,Comparative
iphone 17e,Alphabeticals,v,iphone 17e vs 12 mini,en,us,0,-,Comparative
iphone 17e,Alphabeticals,v,iphone 17e vs iphone 13,en,us,0,-,Comparative
iphone 17e,Alphabeticals,w,iphone 17e weight,en,us,10,-,Informational
iphone 17e,Alphabeticals,w,iphone 17e when,en,us,10,-,Informational
iphone 17e,Alphabeticals,w,iphone 17e wallpaper,en,us,0,-,Informational
iphone 17e,Alphabeticals,w,iphone 17e wireless charging,en,us,0,-,Informational
iphone 17e,Alphabeticals,w,iphone 17e what to expect,en,us,0,-,Informational
iphone 17e,Alphabeticals,w,iphone 17e will have dynamic island,en,us,0,-,Informational
iphone 17e,Alphabeticals,w,iphone 17e white,en,us,0,-,Informational
iphone 17e,Alphabeticals,w,iphone 17e when release,en,us,0,-,Informational
iphone 17e,Alphabeticals,w,iphone 17e weight in grams,en,us,0,-,Informational
iphone 17e,Alphabeticals,w,iphone 17e wiki,en,us,0,-,Informational
iphone 17e,Alphabeticals,w,iphone 17e wifi 7,en,us,0,-,Informational
iphone 17e,Alphabeticals,w,iphone 17e wallpaper 4k,en,us,0,-,Informational
iphone 17e,Alphabeticals,w,iphone 17e wifi,en,us,0,-,Informational
iphone 17e,Alphabeticals,w,iphone 17e worth it,en,us,0,-,Comparative
iphone 17e,Alphabeticals,w,iphone 17e wikipedia,en,us,0,-,Informational
iphone 17e,Alphabeticals,x,iphone 17e xataka,en,us,0,-,Informational
iphone 17e,Alphabeticals,x,iphone 17e vs xr,en,us,0,-,Comparative
iphone 17e,Alphabeticals,y,iphone 17e youtube,en,us,0,-,Informational
iphone 17e,Alphabeticals,y,is iphone 17e out yet,en,us,0,-,Informational
iphone 17e,Alphabeticals,z,iphone 17e zoom,en,us,0,-,Informational
iphone 17e,Alphabeticals,z,iphone 17e ne zaman,en,us,0,-,Informational
iphone 17e,Alphabeticals,z,iphone 17e 2026 ne zaman çıkacak,en,us,0,-,Informational
iphone 17e,Alphabeticals,z,iphone 17e zoll,en,us,0,-,Informational
iphone 17e,Alphabeticals,z,iphone 17e ne zaman çıkıyor,en,us,0,-,Informational
iphone 17e,Alphabeticals,z,iphone 17e ne zaman gelecek,en,us,0,-,Informational
iphone 17e,Comparisons,versus,iphone 16e versus iphone 17e,en,us,0,-,Comparative
iphone 17e,Numbers,0,does iphone 17e have 0.5,en,us,0,-,Informational
iphone 17e,Numbers,0,does iphone 17e have 0.5 camera,en,us,0,-,Informational
iphone 17e,Numbers,1,iphone 17e 120hz,en,us,10,-,Informational
iphone 17e,Numbers,1,iphone 17e 128gb,en,us,10,-,Informational
iphone 17e,Numbers,1,iphone 17e 128,en,us,10,-,Informational
iphone 17e,Numbers,1,iphone 17e vs 17,en,us,0,-,Comparative
iphone 17e,Numbers,1,iphone 17e 128gb price in india,en,us,0,-,Transactional
iphone 17e,Numbers,1,iphone 17e 17,en,us,0,-,Informational
iphone 17e,Numbers,1,iphone 17e 16e,en,us,0,-,Informational
iphone 17e,Numbers,1,iphone 17e vs 16,en,us,0,-,Comparative
iphone 17e,Numbers,2,iphone 17e 256gb,en,us,10,-,Informational
iphone 17e,Numbers,2,iphone 17e 2026,en,us,10,-,Informational
iphone 17e,Numbers,2,iphone 17e 256,en,us,10,-,Informational
iphone 17e,Numbers,2,iphone 17e 2025,en,us,0,-,Informational
iphone 17e,Numbers,2,iphone 17e 256gb price,en,us,0,-,Transactional
iphone 17e,Numbers,2,iphone 17e 256gb price in india,en,us,0,-,Transactional
iphone 17e,Numbers,2,iphone 17e 256g,en,us,0,-,Informational
iphone 17e,Numbers,2,iphone 17e 2 sim,en,us,0,-,Transactional
iphone 17e,Numbers,2,apple 2026 iphone 17e,en,us,0,-,Informational
iphone 17e,Numbers,2,apple iphone 17e 256gb,en,us,0,-,Informational
iphone 17e,Numbers,2,new iphone 17e 2025,en,us,0,-,Informational
iphone 17e,Numbers,4,iphone 17e 499,en,us,0,-,Informational
iphone 17e,Numbers,5,iphone 17e 512gb,en,us,10,-,Informational
iphone 17e,Numbers,5,iphone 17e 5g,en,us,0,-,Informational
iphone 17e,Numbers,5,iphone 17e 512gb price,en,us,0,-,Transactional
iphone 17e,Numbers,5,iphone 17e 512,en,us,0,-,Informational
iphone 17e,Numbers,5,iphone 17e 5ch,en,us,0,-,Informational
iphone 17e,Numbers,6,iphone 17e 60hz,en,us,0,-,Informational
iphone 17e,Numbers,6,iphone 17e 6.3,en,us,0,-,Informational
iphone 17e,Numbers,6,iphone 17e 60hz or 120hz,en,us,0,-,Comparative
iphone 17e,Numbers,6,iphone 6 17e,en,us,0,-,Informational
iphone 17e,Numbers,9,iphone 17e 9to5mac,en,us,0,-,Informational
iphone 17e,Numbers,9,iphone 17e 91mobiles,en,us,0,-,Informational
iphone 17e,Numbers,9,iphone 17e 90hz,en,us,0,-,Informational
iphone 17e,Numbers,9,iphone 17e vs pixel 9a,en,us,0,-,Comparative
iphone 17e,Prepositions,is,is iphone 17e coming out,en,us,20,2.9,Informational
iphone 17e,Prepositions,is,is iphone 17e confirmed,en,us,0,-,Informational
iphone 17e,Prepositions,is,is iphone 17e magsafe,en,us,0,-,Informational
iphone 17e,Prepositions,is,is iphone 17e price,en,us,0,-,Transactional
iphone 17e,Prepositions,is,is iphone 17e release,en,us,0,-,Informational
iphone 17e,Prepositions,with,iphone 17e with magsafe,en,us,0,-,Informational
iphone 17e,Questions,how,how much will iphone 17e cost,en,us,10,3.92,Transactional
iphone 17e,Questions,how,how much is iphone 17e in nigeria,en,us,0,-,Transactional
iphone 17e,Questions,how,how to turn off iphone 17e,en,us,0,-,Informational
iphone 17e,Questions,what,what will iphone 17e look like,en,us,0,-,Informational
iphone 17e,Questions,what,what size is iphone 17e,en,us,0,-,Informational
iphone 17e,Questions,what,what will the iphone 17e cost,en,us,0,-,Transactional
iphone 17e,Questions,when,when iphone 17e release,en,us,10,-,Informational
iphone 17e,Questions,when,when iphone 17e launch,en,us,0,-,Informational
iphone 17e,Questions,why,why no iphone 17e,en,us,10,-,Informational
iphone 17e,Questions,will,will iphone 17e come out,en,us,0,-,Informational
iphone 17e,Questions,will,will apple release iphone 17e,en,us,0,-,Informational
iphone 17e,Questions,will,will iphone 17e launch,en,us,0,-,Informational
iphone 17e,Questions,will,will iphone 17e get dynamic island,en,us,0,-,Informational
iphone 17e,Related,-,iphone 17e,en,us,8.1K,3.63,Informational
iphone 17e,Related,-,will there be an iphone 17e,en,us,0,-,Informational
iphone 17e,Related,-,will there be iphone 17e,en,us,0,-,Informational
iphone 17e,Related,-,new iphone 17e,en,us,0,-,Informational
iphone 17e,Related,-,iphone 17e release rumors,en,us,0,-,Informational
iphone 17e,Related,-,iphone 17e canada release date,en,us,0,-,Informational
iphone 17e,Related,-,iphone 16e vs iphone 17e,en,us,0,-,Comparative
iphone 17e,Related,-,will the iphone 17e have dynamic island,en,us,0,-,Informational
iphone 17e,Related,-,is there iphone 17e,en,us,0,-,Informational
iphone 17e,Related,-,will the iphone 17e have magsafe,en,us,0,-,Informational
iphone 17e,Related,-,what is iphone 17e,en,us,0,-,Informational
iphone 17e,Related,-,apple iphone 17e release date,en,us,0,-,Informational
iphone 17e,Related,-,iphone 17e specifications rumored,en,us,0,-,Informational
iphone 17e,Related,-,will the iphone 17e have 120hz,en,us,0,-,Informational
iphone 17e,Related,-,habra iphone 17e,en,us,0,-,Informational
iphone 17e,Related,-,iphone 17e price usd,en,us,0,-,Transactional
iphone 17e,Related,-,is iphone 17e,en,us,0,-,Informational
iphone 17e,Related,-,when iphone 17e release date,en,us,0,-,Informational
iphone 17e,Related,-,iphone 17e black friday,en,us,0,-,Informational
iphone 17e,Related,-,apple iphone 17e lunching in 2026,en,us,0,-,Informational
iphone 17e,Related,-,iphone 17e and iphone 17 plus,en,us,0,-,Informational
iphone 17e,Related,-,iphone 17e 120haz,en,us,0,-,Informational
iphone 17e,Related,-,iphone 17e cases,en,us,0,-,Informational
iphone 17e,Related,-,iphone 17e indestructable,en,us,0,-,Informational
iphone 17e,Related,-,iphone 17e 17 pro camera test,en,us,0,-,Informational
iphone 17e,Related,-,iphone 17e español,en,us,0,-,Informational
iphone 17e,Related,-,iphone 17e inceleme,en,us,0,-,Informational
iphone 17e,Related,-,iphone 17e telugu,en,us,0,-,Informational
iphone 17e,Related,-,iphone 17e vs iphone 17 air,en,us,0,-,Comparative
iphone 17e,Related,-,will iphone 17e have promotion,en,us,0,-,Informational
iphone 17e,Related,-,iphone 17e headphones,en,us,0,-,Informational
iphone 17e,Related,-,iphone 17e singapore,en,us,0,-,Informational
iphone 17e,Related,-,apple iphone 17e specs,en,us,0,-,Informational
iphone 17e,Related,-,iphone 17e release date price,en,us,0,-,Transactional
iphone 17e,Related,-,is the iphone 17e good,en,us,0,-,Informational
iphone 17e,Related,-,iphone 17e release date in india,en,us,0,-,Informational
iphone 17e,Related,-,iphone 17e telekom,en,us,0,-,Informational
iphone 17e,Related,-,iphone 17e is still 60 hert,en,us,0,-,Informational
iphone 17e,Related,-,iphone 17e new,en,us,0,-,Informational
iphone 17e,Related,-,iphone 17e case with screen protector,en,us,0,-,Informational
iphone 17e,Related,-,iphone 17e launch date 2025,en,us,0,-,Informational
iphone 17e,Related,-,iphone 17e lcd,en,us,0,-,Informational
iphone 17e,Related,-,iphone 17e camera air,en,us,0,-,Informational
iphone 17e,Related,-,iphone 17e and iphone 18e,en,us,0,-,Informational
iphone 17e,Related,-,iphone 17e removal,en,us,0,-,Informational
iphone 17e,Related,-,iphone 17e xr,en,us,0,-,Informational
iphone 17e,Related,-,iphone 17e official trailer,en,us,0,-,Navigational
iphone 17e,Related,-,iphone 17e bend test,en,us,0,-,Informational
iphone 17e,Related,-,iphone 17e matt talks tech,en,us,0,-,Informational
iphone 17e,Related,-,release date of iphone 17e,en,us,0,-,Informational
iphone 17e,Related,-,iphone 17e spring 2026,en,us,0,-,Informational
iphone 17e,Related,-,iphone 17e kopen,en,us,0,-,Informational
iphone 17e,Related,-,charger for iphone 17e,en,us,0,-,Informational
iphone 17e,Related,-,should i wait for iphone 17e,en,us,0,-,Informational
iphone 17e,Related,-,iphone 17e c1x,en,us,0,-,Informational
iphone 17e,Related,-,iphone 17e vs iphone 17 pro,en,us,0,-,Comparative
iphone 17e,Related,-,iphone 17e chipset leak,en,us,0,-,Informational
iphone 17e,Related,-,iphone 17e case otterbox,en,us,0,-,Informational
iphone 17e,Related,-,iphone 17e charging cable,en,us,0,-,Informational
iphone 17e,Related,-,iphone 17e not gonna have dynamic,en,us,0,-,Informational
iphone 17e,Related,-,iphone 17e 16,en,us,0,-,Informational
iphone 17e,Related,-,iphone 17e 2020,en,us,0,-,Informational
iphone 17e,Related,-,iphone 17e or 17,en,us,0,-,Comparative
iphone 17e,Related,-,iphone 17e vs 13 pro,en,us,0,-,Comparative
iphone 17e,Related,-,iphone 17e vs 12 pro max,en,us,0,-,Comparative
iphone 17e,Related,-,iphone 17e 17 pro 17 pro max battery test,en,us,0,-,Informational
iphone 17e,Related,-,iphone 17e iphone ringtone set,en,us,0,-,Informational
iphone 17e,Related,-,iphone 17e opinie,en,us,0,-,Informational
iphone 17e,Related,-,cost of iphone 17e,en,us,0,-,Transactional
iphone 17e,Related,-,iphone 17e u2,en,us,0,-,Informational
iphone 17e,Related,-,iphone 17e launching next month with upgrades,en,us,0,-,Informational
iphone 17e,Related,-,iphone 17e quality,en,us,0,-,Informational
iphone 17e,Related,-,iphone 17e verizon deal,en,us,0,-,Transactional
iphone 17e,Related,-,iphone 17e price 2026,en,us,0,-,Transactional
iphone 17e,Related,-,iphone 17e release date uk,en,us,0,-,Informational
iphone 17e,Related,-,iphone 17e release date in australia,en,us,0,-,Informational
iphone 17e,Related,-,is iphone 17e out,en,us,0,-,Informational
iphone 17e,Related,-,will the iphone 17e come out,en,us,0,-,Informational
iphone 17e,Related,-,iphone 17e olx,en,us,0,-,Informational
iphone 17e,Related,-,iphone 17e vs 16 plus,en,us,0,-,Comparative
iphone 17e,Related,-,fcc iphone 17e,en,us,0,-,Informational
iphone 17e,Related,-,iphone 17e rumored upgrades,en,us,0,-,Informational
iphone 17e,Related,-,iphone 17e wallet case,en,us,0,-,Transactional
iphone 17e,Related,-,iphone 17e otter box case,en,us,0,-,Informational
iphone 17e,Related,-,iphone 17e case for boys,en,us,0,-,Informational
iphone 17e,Related,-,iphone 17e case magsafe,en,us,0,-,Informational
iphone 17e,Related,-,iphone 17e to retain iphone 16e display,en,us,0,-,Informational
iphone 17e,Related,-,iphone 17e girl,en,us,0,-,Informational
iphone 17e,Related,-,iphone 17e and 16e,en,us,0,-,Informational
iphone 17e,Related,-,iphone 17e 5,en,us,0,-,Informational
iphone 17e,Related,-,iphone 17e approved features,en,us,0,-,Informational
iphone 17e,Related,-,iphone 17e font,en,us,0,-,Informational
iphone 17e,Related,-,iphone 17e kapan rilis,en,us,0,-,Informational
iphone 17e,Related,-,iphone 17e 17 pro 17 pro max camera,en,us,0,-,Informational
iphone 17e,Related,-,iphone 17e bgmi test,en,us,0,-,Informational
iphone 17e,Related,-,iphone 17e reviews tamil,en,us,0,-,Informational
iphone 17e,Related,-,iphone 17e giá bao nhiêu tiền,en,us,0,-,Informational
iphone 17e,Related,-,iphone 17e 17 pro 17 pro max review,en,us,0,-,Informational
iphone 17e,Related,-,iphone 17e 17 pro 17 pro max malayalam review,en,us,0,-,Informational
iphone 17e,Related,-,iphone 17e what is it,en,us,0,-,Informational
iphone 17e,Related,-,how much iphone 17e,en,us,0,-,Transactional
iphone 17e,Related,-,will iphone 17e be released,en,us,0,-,Informational
iphone 17e,Related,-,iphone 17e time,en,us,0,-,Informational
iphone 17e,Related,-,iphone 17e vs iphone air,en,us,0,-,Comparative
iphone 17e,Related,-,iphone 17e esim only,en,us,0,-,Transactional
iphone 17e,Related,-,next iphone 17e release date,en,us,0,-,Informational
iphone 17e,Related,-,iphone 17e durability test,en,us,0,-,Informational
iphone 17e,Related,-,iphone 17e football,en,us,0,-,Informational
iphone 17e,Related,-,iphone 17e phone case red,en,us,0,-,Informational
iphone 17e,Related,-,iphone 17e case cute,en,us,0,-,Informational
iphone 17e,Related,-,iphone 17e case green,en,us,0,-,Informational
iphone 17e,Related,-,iphone 17e miji,en,us,0,-,Informational
iphone 17e,Related,-,iphone 17e have apple intelligence,en,us,0,-,Informational
iphone 17e,Related,-,iphone 17e 120,en,us,0,-,Informational
iphone 17e,Related,-,iphone 17e relaese,en,us,0,-,Informational
iphone 17e,Related,-,iphone 17e vs 15 pro,en,us,0,-,Comparative
iphone 17e,Related,-,iphone 17e release date 2025,en,us,0,-,Informational
iphone 17e,Related,-,iphone 17e usa,en,us,0,-,Informational
iphone 17e,Related,-,iphone 17e price in kenya,en,us,0,-,Transactional
iphone 17e,Related,-,iphone 17e fpt,en,us,0,-,Informational
iphone 17e,Related,-,iphone 17e 17 pro 17 pro max price,en,us,0,-,Transactional
iphone 17e,Related,-,iphone 17e 17 pro 17 pro max unboxing,en,us,0,-,Informational
iphone 17e,Related,-,iphone 17e accessories,en,us,0,-,Informational
iphone 17e,Related,-,iphone 17e technische daten,en,us,0,-,Informational
iphone 17e,Related,-,iphone 17e air deals,en,us,0,-,Informational
iphone 17e,Related,-,what iphone 17e coulers,en,us,0,-,Informational
iphone 17e,Related,-,iphone 17e dummy phone,en,us,0,-,Informational
iphone 17e,Related,-,iphone 17e what does the cámara looknlike,en,us,0,-,Informational
iphone 17e,Related,-,iphone 17e showcase,en,us,0,-,Informational
iphone 17e,Related,-,will iphone 17e release,en,us,0,-,Informational
iphone 17e,Related,-,iphone 17e 18e launch cycle,en,us,0,-,Informational
iphone 17e,Related,-,iphone 17e camera specs,en,us,0,-,Informational
iphone 17e,Related,-,iphone 17e msrp,en,us,0,-,Informational
iphone 17e,Related,-,iphone 17e t mobile,en,us,0,-,Transactional
iphone 17e,Related,-,iphone 17e leaks hindi,en,us,0,-,Informational
iphone 17e,Related,-,iphone 17e leaks tamil,en,us,0,-,Informational
iphone 17e,Related,-,how to check iphone 17e battery health,en,us,0,-,Informational
iphone 17e,Related,-,novo iphone 17e,en,us,0,-,Informational
iphone 17e,Related,-,iphone 17e thông tin,en,us,0,-,Informational
iphone 17e,Related,-,iphone 17e hirek,en,us,0,-,Informational
iphone 17e,Related,-,iphone 17e unboxing white,en,us,0,-,Informational
iphone 17e,Related,-,iphone 17e pink,en,us,0,-,Informational
iphone 17e,Related,-,iphone 17e stabilizer,en,us,0,-,Informational
iphone 17e,Related,-,iphone 17e is good,en,us,0,-,Informational
iphone 17e,Related,-,iphone 17e release date australia,en,us,0,-,Informational
iphone 17e,Related,-,iphone 17e phone case silicone,en,us,0,-,Informational
iphone 17e,Related,-,iphone 17e magnetic case,en,us,0,-,Informational
iphone 17e,Related,-,iphone 17e magsafe case,en,us,0,-,Informational
iphone 17e,Related,-,iphone 17e decorating,en,us,0,-,Informational
iphone 17e,Related,-,iphone 17e vs 11 camera,en,us,0,-,Comparative
iphone 17e,Related,-,iphone 17e narxi,en,us,0,-,Informational
iphone 17e,Related,-,iphone 17e geliyor,en,us,0,-,Informational
iphone 17e,Related,-,iphone 17e fundas,en,us,0,-,Informational
iphone 17e,Related,-,iphone 17e thim,en,us,0,-,Informational
iphone 17e,Related,-,iphone 17e dynamic island rumors,en,us,0,-,Informational
iphone 17e,Related,-,iphone 17e best buy,en,us,0,-,Transactional
iphone 17e,Related,-,iphone 17e hülle,en,us,0,-,Informational
iphone 17e,Related,-,iphone 17e in hindi,en,us,0,-,Informational
iphone 17e,Related,-,iphone 17e khmer,en,us,0,-,Informational
iphone 17e,Related,-,iphone 17e reviews hindi,en,us,0,-,Informational
iphone 17e,Related,-,iphone 17e unlocked new,en,us,0,-,Transactional
iphone 17e,Related,-,iphone 17e tmobile,en,us,0,-,Transactional
iphone 17e,Related,-,iphone 17e mercadolibre,en,us,0,-,Informational
iphone 17e,Related,-,iphone 17e and iphone 16e,en,us,0,-,Informational
iphone 17e,Related,-,iphone 17e vs 15,en,us,0,-,Comparative
iphone 17e,Related,-,iphone 17e rs,en,us,0,-,Informational
iphone 17e,Related,-,iphone 17e 8,en,us,0,-,Informational
iphone 17e,Related,-,iphone 17e with dynamic island,en,us,0,-,Informational
iphone 17e,Related,-,iphone 17e vai existir,en,us,0,-,Informational
iphone 17e,Related,-,iphone 17e ming chi kuo,en,us,0,-,Informational
iphone 17e,Related,-,iphone 17e mobile,en,us,0,-,Informational
iphone 17e,Related,-,will the iphone 17e have a camera control button,en,us,0,-,Informational
iphone 17e,Related,-,iphone 17e display suppliers,en,us,0,-,Informational
iphone 17e,Related,-,iphone 17e magic john,en,us,0,-,Informational
iphone 17e,Related,-,iphone 17e broke,en,us,0,-,Informational
iphone 17e,Related,-,iphone 17e black colour,en,us,0,-,Informational
iphone 17e,Related,-,iphone 17e malayalam,en,us,0,-,Informational
iphone 17e,Related,-,iphone 17e kannada,en,us,0,-,Informational
iphone 17e,Related,-,iphone 17e battery test,en,us,0,-,Informational
iphone 17e,Related,-,iphone 17e ad,en,us,0,-,Informational
iphone 17e,Related,-,iphone 17e a19 chip,en,us,0,-,Informational
iphone 17e,Related,-,iphone 17e nano sim,en,us,0,-,Transactional
iphone 17e,Related,-,iphone 17e case clear,en,us,0,-,Informational
iphone 17e,Related,-,iphone 17e case spigen,en,us,0,-,Informational
iphone 17e,Related,-,iphone 17e para cuando,en,us,0,-,Informational
iphone 17e,Related,-,iphone 17e febuary,en,us,0,-,Informational
iphone 17e,Related,-,why iphone 17e has thicker bezels,en,us,0,-,Informational
iphone 17e,Related,-,iphone 17e aesthetic,en,us,0,-,Informational
iphone 17e,Related,-,iphone 17e 3d,en,us,0,-,Informational
iphone 17e,Related,-,iphone 17e lavender,en,us,0,-,Informational
iphone 17e,Related,-,iphone 17e f,en,us,0,-,Informational
iphone 17e,Related,-,iphone 17e pricing now 2026,en,us,0,-,Informational
iphone 17e,Related,-,iphone 17e pubg test,en,us,0,-,Informational
iphone 17e,Related,-,iphone 17e iphone 15 camera test,en,us,0,-,Informational
iphone 17e,Related,-,iphone 17e camera test,en,us,0,-,Informational
iphone 17e,Related,-,iphone 17e bangla review,en,us,0,-,Informational
iphone 17e,Related,-,iphone 17e phone,en,us,0,-,Informational
iphone 17e,Related,-,iphone 17e facts,en,us,0,-,Informational
iphone 17e,Related,-,iphone 17e roblox test,en,us,0,-,Informational
iphone 17e,Related,-,iphone 17e vs iphone 14,en,us,0,-,Comparative
iphone 17e,Related,-,case for iphone 17e,en,us,0,-,Informational
iphone 17e,Related,-,iphone 17e render,en,us,0,-,Informational
iphone 17e,Related,-,when is iphone 17e release date,en,us,0,-,Informational
iphone 17e,Related,-,iphone 17e noticias,en,us,0,-,Informational
iphone 17e,Related,-,iphone 17e mini price,en,us,0,-,Transactional
iphone 17e,Related,-,iphone 17e gaming test,en,us,0,-,Informational
iphone 17e,Related,-,iphone 17e official video,en,us,0,-,Navigational
iphone 17e,Related,-,iphone 17e rumored release date,en,us,0,-,Informational
iphone 17e,Related,-,iphone 17e 4pda,en,us,0,-,Informational
iphone 17e,Related,-,iphone 17e privacy screen protector,en,us,0,-,Informational
iphone 17e,Related,-,men's leather phone cover for iphone 17e,en,us,0,-,Informational
iphone 17e,Related,-,iphone 17e case hello kitty,en,us,0,-,Informational
iphone 17e,Related,-,iphone 17e thib,en,us,0,-,Informational
iphone 17e,Related,-,iphone 17e commercial,en,us,0,-,Informational
iphone 17e,Related,-,el iphone 17e,en,us,0,-,Informational
iphone 17e,Related,-,iphone 17e video,en,us,0,-,Informational
iphone 17e,Related,-,iphone 17e shazam,en,us,0,-,Informational
iphone 17e,Related,-,iphone 17e otter box defender,en,us,0,-,Informational
iphone 17e,Related,-,protective glass coverfor iphone 17e,en,us,0,-,Informational
iphone 17e,Related,-,iphone 17e phone case wallet,en,us,0,-,Transactional
iphone 17e,Related,-,iphone 17e otter box,en,us,0,-,Informational
iphone 17e,Related,-,iphone 17e edit,en,us,0,-,Informational
iphone 17e,Related,-,iphone 17e reveal,en,us,0,-,Informational
iphone 17e,Related,-,iphone 17e tik tok,en,us,0,-,Informational
iphone 17e,Related,-,iphone 17e releases in a month,en,us,0,-,Informational
iphone 17e,Related,-,iphone 17e light blue ideas,en,us,0,-,Informational
iphone 17e,Related,-,iphone 17e back cover,en,us,0,-,Informational
iphone 17e,Related,-,will iphone 17e have a notch,en,us,0,-,Informational
iphone 17e,Related,-,iphone 17e a19,en,us,0,-,Informational
iphone 17e,Related,-,iphone 17e slim,en,us,0,-,Informational
iphone 17e,Related,-,iphone 17e orange,en,us,0,-,Informational
iphone 17e,Related,-,iphone 17e foto,en,us,0,-,Informational
iphone 17e,Related,-,iphone 17e date sortie,en,us,0,-,Informational
iphone 17e,Related,-,is the iphone 17e confirmed,en,us,0,-,Informational
iphone 17e,Related,-,iphone 17e vs 16e gsmarena,en,us,0,-,Comparative
iphone 17e,Related,-,iphone 17e new features,en,us,0,-,Informational
iphone 17e,Related,-,how much for iphone 17e,en,us,0,-,Transactional
iphone 17e,Related,-,apple iphone 17e lunching,en,us,0,-,Informational
iphone 17e,Related,-,iphone 17e oled display leak,en,us,0,-,Informational
iphone 17e,Related,-,iphone 17e upgrade,en,us,0,-,Comparative
iphone 17e,Related,-,iphone 17e sim card,en,us,0,-,Transactional
iphone 17e,Related,-,iphone 17e pubg,en,us,0,-,Informational
iphone 17e,Related,-,how to change iphone 17e keyboard,en,us,0,-,Informational
iphone 17e,Related,-,iphone 17e 17 pro review,en,us,0,-,Informational
iphone 17e,Related,-,iphone 17e 17 pro 17 pro max features,en,us,0,-,Informational
iphone 17e,Related,-,iphone 17e features price,en,us,0,-,Transactional
iphone 17e,Related,-,iphone 17e screen protector privacy,en,us,0,-,Informational
iphone 17e,Related,-,iphone 17e pink case,en,us,0,-,Informational
iphone 17e,Related,-,release date for iphone 17e,en,us,0,-,Informational
iphone 17e,Related,-,iphone 17e price in ksa,en,us,0,-,Transactional
iphone 17e,Related,-,iphone 17e oled,en,us,0,-,Informational
iphone 17e,Related,-,iphone 17e teardown,en,us,0,-,Informational
iphone 17e,Related,-,iphone 17e tamil,en,us,0,-,Informational
iphone 17e,Related,-,iphone 17e indonesia,en,us,0,-,Informational
iphone 17e,Related,-,iphone 17e updates,en,us,0,-,Informational
iphone 17e,Related,-,iphone 17e pro case,en,us,0,-,Informational
iphone 17e,Related,-,iphone 17e adapter,en,us,0,-,Informational
iphone 17e,Related,-,iphone 17e phone case otterbox,en,us,0,-,Informational
iphone 17e,Related,-,iphone 17e and iphone 16 duo,en,us,0,-,Informational
iphone 17e,Related,-,is the iphone 17e,en,us,0,-,Informational
iphone 17e,Related,-,iphone 17e price usa,en,us,0,-,Transactional
iphone 17e,Related,-,iphone 17e annual release rumors,en,us,0,-,Informational
iphone 17e,Related,-,iphone 17e nasıl olacak,en,us,0,-,Informational
iphone 17e,Related,-,iphone 17e cpu,en,us,0,-,Informational
iphone 17e,Related,-,iphone 17e phone case for girls,en,us,0,-,Informational
iphone 17e,Related,-,iphone 17e otterbox case,en,us,0,-,Informational
iphone 17e,Related,-,iphone 17e cost in india,en,us,0,-,Transactional
iphone 17e,Related,-,iphone 17e upgrade predictions,en,us,0,-,Comparative
iphone 17e,Related,-,iphone 17e rumors 2026,en,us,0,-,Informational
iphone 17e,Related,-,will iphone 17e have ai,en,us,0,-,Informational
iphone 17e,Related,-,iphone 17e charger,en,us,0,-,Informational
iphone 17e,Related,-,apple iphone 17e 2026,en,us,0,-,Informational
iphone 17e,Related,-,iphone 17e dummy,en,us,0,-,Informational
iphone 17e,Related,-,iphone 17e 17 pro 17 pro max camera test,en,us,0,-,Informational
iphone 17e,Related,-,iphone 17e deutsch,en,us,0,-,Informational
iphone 17e,Related,-,iphone 17e technical guruji,en,us,0,-,Informational
iphone 17e,Related,-,iphone 17e n,en,us,0,-,Informational
iphone 17e,Related,-,iphone 17e explaination,en,us,0,-,Informational
iphone 17e,Related,-,iphone 17e with casr,en,us,0,-,Informational
iphone 17e,Related,-,iphone 17e aluminum,en,us,0,-,Informational
iphone 17e,Related,-,iphone 17e when is coming out,en,us,0,-,Informational
iphone 17e,Questions,,is an iphone 17e coming out?,en,us,0,-,Informational
iphone 17e,Questions,,is there going to be an iphone 17e?,en,us,0,-,Informational
iphone 17e,Questions,,"what iphone sold for $100,000?",en,us,0,-,Informational
iphone 17e,Questions,,will the iphone 17e be thinner?,en,us,0,-,Informational
iphone 17e,Questions,,is the 16e replacing the se?,en,us,0,-,Informational
iphone 17e,Questions,,how much will the iphone 17e cost?,en,us,0,-,Transactional
iphone 17e,Questions,,what will the 2027 iphone be called?,en,us,0,-,Informational
iphone 17e,Questions,,what is the price of iphone 17e?,en,us,0,-,Transactional
iphone 17e,Questions,,what iphone cost $2000?,en,us,0,-,Transactional
iphone 17e,Questions,,will there be an iphone 17e in 2026?,en,us,0,-,Informational
iphone 17e,Questions,,how big is the iphone 17e?,en,us,0,-,Informational
iphone 17e,Questions,,how much will the iphone 17 cost in dollars?,en,us,0,-,Transactional
iphone 17e,Questions,,what is 17e?,en,us,0,-,Informational
iphone 17e,Questions,,what does a 17e do in the army?,en,us,0,-,Informational
iphone 17e,Questions,,is there a 17e coming out?,en,us,0,-,Informational
iphone 17e,Questions,,what does 17e mean?,en,us,0,-,Informational
iphone 17e,Questions,,how long is 17e school?,en,us,0,-,Informational
iphone 17e,Questions,,does 17e deploy?,en,us,0,-,Informational
iphone 17e,Questions,,what is the toughest job in the army?,en,us,0,-,Informational
iphone 17e,Questions,,what is the iphone 17 release date?,en,us,0,-,Informational
iphone 17e,Questions,,will the iphone 17 be out?,en,us,0,-,Informational
iphone 17e,Questions,,is the iphone 17e coming out?,en,us,0,-,Informational
iphone 17e,Questions,,is apple launching the iphone 18?,en,us,0,-,Informational
iphone 17e,Questions,,how much will the iphone 17 pro max cost?,en,us,0,-,Transactional
iphone 17e,Questions,,is it good to wait for an iphone 17?,en,us,0,-,Informational
iphone 17e,Questions,,is the iphone 19 coming?,en,us,0,-,Informational
